 bm_provider_fir,m_id |,co,unt(*),|,,
+---------------,------,+--,-------,-+,,
|              ,    1,| ,305.00,|,,
|               ,1000,| ,118.00,|,,
|               ,2017,|  ,1126.00,|,,
|               ,2837,|  ,166432.00,|,,
|               ,6429,|  ,157788.00,|,,
|               ,9841,|  ,  2002,|,,
|               ,9849,| ,    603,|,,
|               ,9850,| ,      1,|,,
|              ,10472,|  ,211370.00,|,,
|              ,10703,|  ,  5208,|,,
|              ,10823,| ,  33181,|,,
|              ,11777,| ,      1,|,,
|              ,12012,|  ,    18,|,,
|              ,12163,|  ,  7432,|,,
|              ,12575,|  ,  2021,|,,
|              ,12761,| ,  11979,|,,
|              ,13081,| ,  11993,|,,
|              ,13223,|  ,  1609,|,,
|              ,13310,|  ,  1972,|,,
|              ,13652,|  ,    27,|,,
|              ,14275,|  ,  2244,|,,
|              ,14276,| ,  70387,|,,
|              ,14278,| ,  16156,|,,
|              ,14454,| ,      4,|,,
|              ,14687,|  ,  1126,|,,
|              ,14790,| ,      8,|,,
|              ,14843,|  ,  4228,|,,
|              ,15168,| ,  12824,|,,
|              ,15176,|  ,  3347,|,,
|              ,15314,| ,  38404,|,,
|              ,15943,| ,    817,|,,
|              ,16088,| ,      2,|,,
|              ,16261,| ,    286,|,,
|              ,16299,| ,  61946,|,,
|              ,16321,| ,  34116,|,,
|              ,16481,|  ,125899.00,|,,
|              ,16689,| ,  27440,|,,
|              ,16813,|  ,  3614,|,,
|              ,16975,| ,  69406,|,,
|              ,17125,| ,  52830,|,,
|              ,17149,|  ,  2842,|,,
|              ,17238,| ,    316,|,,
|              ,17569,| ,  11196,|,,
|              ,17832,|  ,    97,|,,
|              ,17952,| ,  31758,|,,
|              ,18127,| ,  20740,|,,
|              ,18154,| ,  29468,|,,
|              ,18248,| ,    296,|,,
|              ,18524,| ,  67913,|,,
|              ,18633,| ,  11228,|,,
|              ,18692,|  ,  2086,|,,
|              ,18877,| ,  23053,|,,
|              ,19301,|  ,  2574,|,,
|              ,19614,| ,  42573,|,,
|              ,20129,| ,    138,|,,
|              ,20569,| ,  14809,|,,
|              ,20624,| ,  10676,|,,
|              ,21136,|  ,  7760,|,,
|              ,21466,| ,    223,|,,
|              ,21503,| ,  53684,|,,
|              ,21521,| ,  38569,|,,
|              ,21750,|  ,  4289,|,,
|              ,21765,| ,  80065,|,,
|              ,21785,| ,  11298,|,,
|              ,21861,| ,  73912,|,,
|              ,21862,| ,      4,|,,
|              ,22113,|  ,  3698,|,,
|              ,22558,| ,      7,|,,
|              ,22608,|  ,  4466,|,,
|              ,22975,| ,  27714,|,,
|              ,23069,| ,  91696,|,,
|              ,23503,|  ,  2765,|,,
|              ,23569,|  ,  2324,|,,
|              ,23934,|  ,  7475,|,,
|              ,23991,| ,  54434,|,,
|              ,24098,| ,      4,|,,
|              ,24184,| ,  30754,|,,
|              ,24190,|  ,    93,|,,
|              ,24758,| ,  24333,|,,
|              ,24936,|  ,  1890,|,,
|              ,24987,|  ,  1368,|,,
|              ,25203,| ,  50347,|,,
|              ,25729,| ,  25252,|,,
|              ,25732,| ,  28425,|,,
|              ,25859,|  ,149388.00,|,,
|              ,26835,| ,  62683,|,,
|              ,27153,| ,  46579,|,,
|              ,27682,| ,  16859,|,,
|              ,28327,| ,  49615,|,,
|              ,28341,| ,    291,|,,
|              ,28407,| ,  15941,|,,
|              ,28895,|  ,  9760,|,,
|              ,28962,| ,    103,|,,
|              ,29118,|  ,  1104,|,,
|              ,29320,| ,  14140,|,,
|              ,29367,| ,  16473,|,,
|              ,29412,|  ,  6586,|,,
|              ,29470,| ,  19371,|,,
|              ,29553,|  ,110196.00,|,,
|              ,29572,|  ,  4891,|,,
|              ,29581,|  ,  8213,|,,
|              ,29610,|  ,  3823,|,,
|              ,30214,| ,  32461,|,,
|              ,30318,|  ,  6027,|,,
|              ,30960,| ,    670,|,,
|              ,30982,| ,      9,|,,
|              ,31208,|  ,  1054,|,,
|              ,31286,| ,    400,|,,
|              ,31384,| ,  17328,|,,
|              ,31480,| ,  21478,|,,
|              ,31569,|  ,  2047,|,,
|              ,31682,|  ,  7741,|,,
|              ,31797,|  ,  2426,|,,
|              ,31839,| ,  10057,|,,
|              ,31856,|  ,  5783,|,,
|              ,31857,| ,  32055,|,,
|              ,31893,|  ,  6690,|,,
|              ,31970,| ,    901,|,,
|              ,31989,|  ,345977.00,|,,
|              ,32108,| ,  25945,|,,
|              ,32195,|  ,258670.00,|,,
|              ,32323,| ,  76538,|,,
|              ,32434,|  ,    68,|,,
|              ,32564,| ,    334,|,,
|              ,33620,|  ,    14,|,,
|              ,36142,|  ,  5705,|,,
|              ,36684,|  ,  1916,|,,
|              ,38015,| ,  26411,|,,
|              ,40001,|  ,  1099,|,,
|              ,40907,| ,    395,|,,
|              ,43887,| ,      5,|,,
|              ,44878,| ,    162,|,,
|              ,45166,|  ,    32,|,,
|              ,48207,| ,    140,|,,
|              ,50138,|  ,  7792,|,,
|              ,52432,|  ,  1766,|,,
|              ,52782,| ,  16172,|,,
|              ,53801,| ,    106,|,,
|              ,54545,|  ,138480.00,|,,
|              ,57189,|  ,  2348,|,,
|              ,57190,| ,      2,|,,
|              ,57698,| ,  28292,|,,
|              ,57922,| ,  26052,|,,
|              ,58142,| ,      3,|,,
|              ,62099,| ,  17339,|,,
|              ,62786,|  ,  2244,|,,
|              ,64699,| ,    296,|,,
|              ,67811,| ,  30723,|,,
|              ,67854,|  ,  1787,|,,
|              ,69632,|  ,  2025,|,,
|              ,69841,| ,  26329,|,,
|              ,70000,| ,    627,|,,
|              ,70001,| ,    315,|,,
|              ,70002,| ,    448,|,,
|              ,70003,|  ,    63,|,,
|              ,70004,| ,    127,|,,
|              ,70005,| ,    222,|,,
|              ,70006,| ,    224,|,,
|              ,70007,|  ,    27,|,,
|              ,70008,| ,    393,|,,
|              ,70009,| ,    131,|,,
|              ,70010,|  ,    93,|,,
|              ,72089,| ,    984,|,,
|              ,74785,| ,  14026,|,,
|              ,77630,|  ,    44,|,,
|              ,78943,| ,  61645,|,,
|              ,79531,|  ,  1415,|,,
|              ,79694,| ,    819,|,,
|              ,81416,| ,    588,|,,
|              ,82662,|  ,  6146,|,,
|              ,85498,| ,    765,|,,
|              ,90210,|  ,  4800,|,,
|              ,91537,|  ,  7708,|,,
|              ,91919,|  ,218162.00,|,,
|              ,93619,|  ,405915.00,|,,
|              1,2,| ,    151,|,,
|              1,3,|  ,  1575,|,,
|              1,5,| ,  20269,|,,
|              1,292,|  ,    40,|,,
|              1,740,| ,    343,|,,
|              1,1726,|  ,  4633,|,,
|              1,2187,|  ,    10,|,,
|              1,2379,| ,    837,|,,
|              1,4106,| ,  57429,|,,
|              1,4518,|  ,  1733,|,,
|              1,4674,| ,  11274,|,,
|              1,7541,| ,    138,|,,
|              1,8216,|  ,  6411,|,,
|              1,9078,| ,    400,|,,
|              1,10311,|  ,  3650,|,,
|              1,10693,|  ,    16,|,,
|              1,11271,|  ,  1013,|,,
|              1,11390,|  ,    17,|,,
|              1,11563,| ,    781,|,,
|              1,13002,| ,    703,|,,
|              1,13684,|  ,    33,|,,
|              1,16448,|  ,  8722,|,,
|              1,18127,| ,    671,|,,
|              1,18591,|  ,  1260,|,,
|              1,18835,| ,      9,|,,
|              1,20468,|  ,  1206,|,,
|              1,20557,| ,    182,|,,
|              1,21050,|  ,  9577,|,,
|              1,21118,| ,    744,|,,
|              1,21289,| ,    655,|,,
|              1,21944,|  ,    88,|,,
|              1,22275,| ,    210,|,,
|              1,22396,|  ,  2086,|,,
|              1,23479,| ,    646,|,,
|              1,23626,| ,    104,|,,
|              1,24788,|  ,    73,|,,
|              1,25028,|  ,  2486,|,,
|              1,25451,|  ,  2697,|,,
|              1,25716,| ,    225,|,,
|              1,26192,|  ,  2293,|,,
|              1,26349,| ,    105,|,,
|              1,28145,| ,      2,|,,
|              1,28886,|  ,    55,|,,
|              1,29700,|  ,    14,|,,
|              1,30409,|  ,    76,|,,
|              1,30797,| ,    820,|,,
|              1,31435,|  ,    27,|,,
|              1,32251,| ,  13148,|,,
|              1,33020,| ,      5,|,,
|              1,33283,|  ,    17,|,,
|              1,33359,| ,  14821,|,,
|              1,33611,|  ,    68,|,,
|              1,33805,|  ,    37,|,,
|              1,34970,| ,  10289,|,,
|              1,35984,| ,    258,|,,
|              1,36176,| ,    397,|,,
|              1,36299,|  ,    84,|,,
|              1,36317,|  ,    77,|,,
|              1,36962,|  ,    37,|,,
|              1,37148,| ,    554,|,,
|              1,37234,|  ,  2246,|,,
|              1,39539,|  ,    24,|,,
|              1,40347,| ,  16029,|,,
|              1,42825,| ,      8,|,,
|              1,43291,|  ,    54,|,,
|              1,44007,|  ,    81,|,,
|              1,45931,|  ,  1650,|,,
|              1,46287,|  ,  1234,|,,
|              1,47039,| ,    287,|,,
|              1,47200,| ,  18719,|,,
|              1,47744,| ,    122,|,,
|              1,48306,|  ,  1270,|,,
|              1,48621,|  ,  1450,|,,
|              1,49109,|  ,  4655,|,,
|              1,49446,|  ,    38,|,,
|              1,49527,|  ,  5236,|,,
|              1,49673,| ,    257,|,,
|              1,50188,|  ,  5976,|,,
|              1,50812,|  ,  1107,|,,
|              1,50996,|  ,  1458,|,,
|              1,51254,|  ,    36,|,,
|              1,51331,| ,      2,|,,
|              1,52461,| ,    263,|,,
|              1,53318,|  ,  3719,|,,
|              1,53566,| ,      4,|,,
|              1,54243,|  ,  9571,|,,
|              1,54577,|  ,    11,|,,
|              1,55144,|  ,    18,|,,
|              1,55225,| ,    199,|,,
|              1,55497,|  ,  9061,|,,
|              1,56120,| ,      8,|,,
|              1,56238,| ,    250,|,,
|              1,57086,|  ,    10,|,,
|              1,58385,|  ,  1547,|,,
|              1,58439,| ,    581,|,,
|              1,58741,| ,  79414,|,,
|              1,59759,| ,    236,|,,
|              1,61881,| ,    360,|,,
|              1,62932,| ,    117,|,,
|              1,63212,|  ,  1373,|,,
|              1,63580,|  ,  3431,|,,
|              1,64658,|  ,  2927,|,,
|              1,64734,| ,    526,|,,
|              1,65536,| ,    549,|,,
|              1,66082,|  ,  1032,|,,
|              1,66604,|  ,    21,|,,
|              1,67369,|  ,  2512,|,,
|              1,68642,|  ,  9640,|,,
|              1,69274,| ,    188,|,,
|              1,70722,|  ,  1519,|,,
|              1,70961,| ,    290,|,,
|              1,71041,| ,    462,|,,
|              1,72806,| ,    599,|,,
|              1,73246,| ,      4,|,,
|              1,73974,| ,    124,|,,
|              1,74383,|  ,  1356,|,,
|              1,74405,|  ,    23,|,,
|              1,74590,|  ,  1088,|,,
|              1,75678,|  ,    14,|,,
|              1,76627,|  ,    41,|,,
|              1,77731,|  ,  1906,|,,
|              1,78587,|  ,  1154,|,,
|              1,79229,|  ,  1928,|,,
|              1,79437,| ,      1,|,,
|              1,79602,| ,    385,|,,
|              1,80034,| ,    168,|,,
|              1,81342,|  ,    27,|,,
|              1,82108,| ,    293,|,,
|              1,82543,|  ,    23,|,,
|              1,82695,| ,    875,|,,
|              1,83394,|  ,  1820,|,,
|              1,83648,| ,    914,|,,
|              1,84280,|  ,  2576,|,,
|              1,86241,|  ,    13,|,,
|              1,87122,|  ,  3119,|,,
|              1,89150,| ,    119,|,,
|              1,89412,|  ,  1544,|,,
|              1,89926,|  ,  1306,|,,
|              1,90475,| ,    140,|,,
|              1,90953,|  ,    78,|,,
|              1,91373,|  ,    83,|,,
|              1,92237,|  ,  2181,|,,
|              1,92616,|  ,    81,|,,
|              1,93927,| ,    305,|,,
|              1,94521,|  ,  4213,|,,
|              1,96800,|  ,    10,|,,
|              1,96995,|  ,  2866,|,,
|              1,98764,| ,  14410,|,,
|              1,99022,| ,    241,|,,
|              1,99296,|  ,  2431,|,,
|              1,99351,| ,  11253,|,,
|              1,99777,|  ,  3550,|,,
|              1,99969,| ,      1,|,,
|              2,201,|  ,  3214,|,,
|              2,954,| ,    997,|,,
|              2,1223,|  ,  1837,|,,
|              2,2918,| ,      1,|,,
|              2,3311,|  ,    49,|,,
|              2,4062,| ,    716,|,,
|              2,5642,|  ,  2555,|,,
|              2,5925,| ,    547,|,,
|              2,6790,|  ,  3700,|,,
|              2,7629,| ,    747,|,,
|              2,8014,|  ,  1290,|,,
|              2,8179,| ,    342,|,,
|              2,8595,|  ,193618.00,|,,
|              2,9359,| ,    920,|,,
|              2,10199,| ,    674,|,,
|              2,10272,|  ,  1568,|,,
|              2,11166,| ,    330,|,,
|              2,12714,| ,    300,|,,
|              2,13521,| ,    401,|,,
|              2,14128,| ,    504,|,,
|              2,14860,|  ,  3345,|,,
|              2,15111,| ,    100,|,,
|              2,15484,| ,    102,|,,
|              2,16683,|  ,  2786,|,,
|              2,16844,| ,  86204,|,,
|              2,17210,| ,      1,|,,
|              2,17909,|  ,  8111,|,,
|              2,18368,|  ,  1414,|,,
|              2,18534,| ,    130,|,,
|              2,19392,|  ,  3811,|,,
|              2,19423,|  ,    49,|,,
|              2,19645,|  ,  1046,|,,
|              2,19930,|  ,  6331,|,,
|              2,20774,|  ,    56,|,,
|              2,21208,| ,    380,|,,
|              2,21377,| ,    226,|,,
|              2,22148,|  ,    82,|,,
|              2,22456,| ,    866,|,,
|              2,23493,|  ,    44,|,,
|              2,23947,|  ,  3079,|,,
|              2,24725,| ,    256,|,,
|              2,27617,| ,  23886,|,,
|              2,28320,|  ,    22,|,,
|              2,28791,| ,  10832,|,,
|              2,29252,|  ,    67,|,,
|              2,29440,|  ,  8141,|,,
|              2,30519,|  ,    42,|,,
|              2,30758,|  ,    50,|,,
|              2,30894,| ,    114,|,,
|              2,32103,|  ,  2009,|,,
|              2,32631,|  ,    41,|,,
|              2,34465,| ,    100,|,,
|              2,35777,|  ,  1018,|,,
|              2,36822,|  ,  3736,|,,
|              2,37536,| ,    864,|,,
|              2,37867,| ,    123,|,,
|              2,38186,|  ,  6243,|,,
|              2,38372,|  ,  1218,|,,
|              2,38400,|  ,  4462,|,,
|              2,39048,|  ,    12,|,,
|              2,39333,|  ,    52,|,,
|              2,40815,|  ,  2279,|,,
|              2,42053,|  ,  5262,|,,
|              2,42202,|  ,    85,|,,
|              2,42463,|  ,277244.00,|,,
|              2,43669,|  ,  4989,|,,
|              2,43792,|  ,  2135,|,,
|              2,43881,| ,    702,|,,
|              2,44267,|  ,  2612,|,,
|              2,44349,|  ,  2721,|,,
|              2,45012,| ,    134,|,,
|              2,45655,| ,    762,|,,
|              2,46304,| ,    512,|,,
|              2,46577,| ,    480,|,,
|              2,47006,| ,    325,|,,
|              2,47514,| ,    323,|,,
|              2,48923,|  ,    39,|,,
|              2,49785,|  ,  2316,|,,
|              2,50410,| ,      1,|,,
|              2,51088,|  ,    55,|,,
|              2,52807,| ,  15603,|,,
|              2,53446,| ,  10293,|,,
|              2,53951,|  ,    23,|,,
|              2,54539,| ,  16425,|,,
|              2,54768,|  ,  1617,|,,
|              2,55214,|  ,    17,|,,
|              2,56108,|  ,  6101,|,,
|              2,56986,|  ,  1011,|,,
|              2,57324,|  ,  1032,|,,
|              2,58618,|  ,  4411,|,,
|              2,59115,|  ,    45,|,,
|              2,59734,| ,    788,|,,
|              2,60303,|  ,  2176,|,,
|              2,60622,|  ,    17,|,,
|              2,60831,|  ,    21,|,,
|              2,60978,| ,  65937,|,,
|              2,61414,|  ,    19,|,,
|              2,62674,| ,    572,|,,
|              2,63049,| ,    106,|,,
|              2,63055,|  ,  1690,|,,
|              2,64886,|  ,    14,|,,
|              2,64911,| ,    966,|,,
|              2,65094,|  ,  1805,|,,
|              2,65759,|  ,  1434,|,,
|              2,67177,| ,    505,|,,
|              2,67608,|  ,    43,|,,
|              2,67953,| ,    593,|,,
|              2,68563,|  ,  1993,|,,
|              2,69071,|  ,    20,|,,
|              2,69699,|  ,    35,|,,
|              2,69716,| ,    107,|,,
|              2,70234,| ,    102,|,,
|              2,70640,|  ,  3647,|,,
|              2,71653,|  ,  3019,|,,
|              2,71862,| ,    131,|,,
|              2,73378,|  ,  1974,|,,
|              2,73431,| ,    300,|,,
|              2,74036,|  ,    19,|,,
|              2,75933,|  ,  1619,|,,
|              2,76058,| ,      4,|,,
|              2,76582,| ,      2,|,,
|              2,77126,|  ,  9819,|,,
|              2,78492,| ,    705,|,,
|              2,79149,|  ,    45,|,,
|              2,80336,|  ,  4625,|,,
|              2,80442,| ,    329,|,,
|              2,80583,| ,  17374,|,,
|              2,82288,|  ,  1156,|,,
|              2,82700,| ,      5,|,,
|              2,83558,| ,    516,|,,
|              2,83809,| ,    661,|,,
|              2,84098,| ,      3,|,,
|              2,84751,|  ,  2582,|,,
|              2,85407,|  ,  2221,|,,
|              2,86380,|  ,  1511,|,,
|              2,86994,|  ,  1038,|,,
|              2,87438,|  ,  4889,|,,
|              2,87454,| ,  22213,|,,
|              2,88296,| ,    886,|,,
|              2,90828,|  ,  6585,|,,
|              2,91556,|  ,  1927,|,,
|              2,91804,|  ,    24,|,,
|              2,91929,|  ,  1908,|,,
|              2,92776,|  ,  2929,|,,
|              2,93352,| ,    868,|,,
|              2,94677,| ,  12059,|,,
|              2,95183,| ,    225,|,,
|              2,95300,| ,    155,|,,
|              2,95958,| ,    302,|,,
|              2,97737,| ,    789,|,,
|              2,98341,| ,      5,|,,
|              2,98654,| ,      3,|,,
|              2,99013,| ,    303,|,,
|              3,735,|  ,  3204,|,,
|              3,2146,|  ,    24,|,,
|              3,2719,|  ,  4620,|,,
|              3,4299,|  ,  8394,|,,
|              3,4823,| ,      6,|,,
|              3,6400,|  ,    37,|,,
|              3,7208,|  ,  1514,|,,
|              3,7360,| ,    119,|,,
|              3,9388,| ,    786,|,,
|              3,9695,| ,    892,|,,
|              3,10366,| ,      4,|,,
|              3,10753,|  ,    39,|,,
|              3,10827,| ,  66796,|,,
|              3,13374,| ,      1,|,,
|              3,13606,| ,    797,|,,
|              3,13962,|  ,  1786,|,,
|              3,14032,|  ,  7421,|,,
|              3,14983,| ,  10426,|,,
|              3,17551,|  ,    81,|,,
|              3,18408,|  ,    83,|,,
|              3,18688,|  ,  4540,|,,
|              3,19243,| ,      6,|,,
|              3,19671,| ,  17409,|,,
|              3,20447,|  ,    64,|,,
|              3,20609,| ,    182,|,,
|              3,20798,| ,    173,|,,
|              3,21297,| ,    109,|,,
|              3,22232,| ,    427,|,,
|              3,22641,| ,  18139,|,,
|              3,23339,|  ,    74,|,,
|              3,23767,| ,    574,|,,
|              3,24576,|  ,  1217,|,,
|              3,25822,|  ,    52,|,,
|              3,26562,|  ,  5130,|,,
|              3,26929,| ,    424,|,,
|              3,28130,|  ,  3387,|,,
|              3,28348,|  ,  5330,|,,
|              3,28803,|  ,  1079,|,,
|              3,29313,|  ,    85,|,,
|              3,30323,| ,    395,|,,
|              3,30656,|  ,  1680,|,,
|              3,31240,| ,      2,|,,
|              3,32501,| ,    272,|,,
|              3,33017,|  ,  1196,|,,
|              3,33532,|  ,    16,|,,
|              3,35050,| ,    532,|,,
|              3,36202,| ,    605,|,,
|              3,36364,| ,    984,|,,
|              3,36475,|  ,    51,|,,
|              3,36728,|  ,  1375,|,,
|              3,36831,|  ,  1150,|,,
|              3,37747,| ,    351,|,,
|              3,39221,| ,  19847,|,,
|              3,39852,|  ,    58,|,,
|              3,40550,|  ,    79,|,,
|              3,41177,| ,      2,|,,
|              3,43730,| ,  19713,|,,
|              3,43802,|  ,  2115,|,,
|              3,43953,|  ,  3607,|,,
|              3,44065,| ,    107,|,,
|              3,44944,| ,    898,|,,
|              3,45332,| ,  48223,|,,
|              3,46607,| ,    165,|,,
|              3,47567,|  ,  5418,|,,
|              3,47813,|  ,  2085,|,,
|              3,50358,|  ,  2463,|,,
|              3,50489,| ,      2,|,,
|              3,51704,| ,    397,|,,
|              3,52069,| ,    872,|,,
|              3,52790,|  ,    17,|,,
|              3,52933,|  ,  3620,|,,
|              3,53045,|  ,  1775,|,,
|              3,53814,|  ,  1332,|,,
|              3,53907,| ,      4,|,,
|              3,54097,|  ,  1339,|,,
|              3,54159,| ,    288,|,,
|              3,54713,| ,    671,|,,
|              3,55329,| ,    220,|,,
|              3,55666,|  ,  2609,|,,
|              3,55985,| ,    114,|,,
|              3,56080,|  ,    65,|,,
|              3,56757,|  ,    37,|,,
|              3,59176,| ,    399,|,,
|              3,60095,|  ,    43,|,,
|              3,61354,|  ,  4043,|,,
|              3,62743,| ,    900,|,,
|              3,62829,| ,    302,|,,
|              3,63289,| ,    133,|,,
|              3,63591,|  ,  3676,|,,
|              3,65621,|  ,  2747,|,,
|              3,65916,|  ,  9337,|,,
|              3,66710,|  ,  4043,|,,
|              3,67525,| ,    178,|,,
|              3,68155,| ,    153,|,,
|              3,68984,| ,  19092,|,,
|              3,69417,| ,    505,|,,
|              3,69861,|  ,  5690,|,,
|              3,70385,|  ,    24,|,,
|              3,71472,| ,    141,|,,
|              3,73136,|  ,  2469,|,,
|              3,74051,| ,      5,|,,
|              3,75376,|  ,  1224,|,,
|              3,75534,| ,    765,|,,
|              3,76966,| ,  14941,|,,
|              3,77150,|  ,    30,|,,
|              3,77328,| ,    756,|,,
|              3,77703,|  ,    25,|,,
|              3,78147,|  ,  6511,|,,
|              3,78901,|  ,    62,|,,
|              3,79077,|  ,    24,|,,
|              3,79711,|  ,  3003,|,,
|              3,81124,| ,      3,|,,
|              3,81490,| ,    990,|,,
|              3,81618,|  ,  6664,|,,
|              3,82652,|  ,    47,|,,
|              3,85774,|  ,    28,|,,
|              3,86620,|  ,    45,|,,
|              3,86745,| ,      3,|,,
|              3,87305,| ,    271,|,,
|              3,88015,|  ,  9303,|,,
|              3,89401,|  ,  2323,|,,
|              3,90568,|  ,  1008,|,,
|              3,90771,|  ,  3397,|,,
|              3,90934,|  ,  5067,|,,
|              3,91458,| ,    524,|,,
|              3,91517,|  ,  3659,|,,
|              3,93575,| ,  29068,|,,
|              3,94029,|  ,  3607,|,,
|              3,95912,|  ,  3183,|,,
|              3,96184,| ,    285,|,,
|              3,97280,| ,      5,|,,
|              3,97393,|  ,    17,|,,
|              3,97539,| ,  24375,|,,
|              3,97752,|  ,  1112,|,,
|              3,98245,| ,    567,|,,
|              3,98879,|  ,  1516,|,,
|              3,99627,| ,    282,|,,
|              3,99805,| ,    520,|,,
|              4,463,| ,  15757,|,,
|              4,1080,| ,    140,|,,
|              4,1193,| ,      4,|,,
|              4,2756,|  ,  1095,|,,
|              4,3503,|  ,  1089,|,,
|              4,4213,| ,    354,|,,
|              4,6767,|  ,  3110,|,,
|              4,7353,| ,    607,|,,
|              4,7419,| ,  27312,|,,
|              4,7835,| ,  49319,|,,
|              4,8421,| ,      3,|,,
|              4,9205,|  ,  5613,|,,
|              4,10251,|  ,  1684,|,,
|              4,10533,| ,      6,|,,
|              4,10616,| ,    334,|,,
|              4,10874,| ,    943,|,,
|              4,11346,| ,      7,|,,
|              4,12607,|  ,  1773,|,,
|              4,13744,|  ,  2876,|,,
|              4,13888,| ,    698,|,,
|              4,15286,| ,    301,|,,
|              4,16175,|  ,    16,|,,
|              4,16802,|  ,    83,|,,
|              4,17050,|  ,  1242,|,,
|              4,17225,| ,  11747,|,,
|              4,17739,|  ,    79,|,,
|              4,17947,|  ,  1812,|,,
|              4,19414,|  ,  1408,|,,
|              4,20624,|  ,  1649,|,,
|              4,21842,|  ,  3167,|,,
|              4,23057,|  ,  7597,|,,
|              4,23735,| ,    825,|,,
|              4,24643,| ,      5,|,,
|              4,24875,| ,    177,|,,
|              4,26063,|  ,    16,|,,
|              4,26314,| ,    124,|,,
|              4,27189,| ,      3,|,,
|              4,30013,| ,    364,|,,
|              4,30746,| ,    504,|,,
|              4,31550,| ,    186,|,,
|              4,32489,|  ,  1710,|,,
|              4,32594,| ,    138,|,,
|              4,33147,| ,  17666,|,,
|              4,35522,|  ,    35,|,,
|              4,35701,| ,      4,|,,
|              4,35943,| ,    555,|,,
|              4,36621,| ,    379,|,,
|              4,37645,| ,    664,|,,
|              4,38806,| ,      5,|,,
|              4,40470,| ,    409,|,,
|              4,41495,|  ,  4490,|,,
|              4,42329,| ,    988,|,,
|              4,42680,| ,    291,|,,
|              4,43184,|  ,  1695,|,,
|              4,44091,|  ,  7876,|,,
|              4,44285,| ,    271,|,,
|              4,44626,|  ,    18,|,,
|              4,45581,| ,    565,|,,
|              4,45734,| ,    871,|,,
|              4,46409,|  ,  4405,|,,
|              4,46788,| ,    320,|,,
|              4,48146,| ,    226,|,,
|              4,48538,|  ,  2824,|,,
|              4,50793,|  ,  4902,|,,
|              4,51658,| ,    543,|,,
|              4,51873,| ,    105,|,,
|              4,51987,|  ,  7830,|,,
|              4,52020,|  ,    14,|,,
|              4,52371,|  ,  2923,|,,
|              4,53252,|  ,    10,|,,
|              4,53681,| ,    566,|,,
|              4,54276,| ,    627,|,,
|              4,54561,| ,    489,|,,
|              4,55109,|  ,    77,|,,
|              4,56183,| ,    284,|,,
|              4,56660,|  ,  2496,|,,
|              4,56839,|  ,  6613,|,,
|              4,57496,| ,    176,|,,
|              4,57970,| ,    100,|,,
|              4,58333,| ,    334,|,,
|              4,58824,| ,    111,|,,
|              4,59811,| ,    104,|,,
|              4,60542,| ,    510,|,,
|              4,61144,| ,  14018,|,,
|              4,61420,| ,    791,|,,
|              4,62261,|  ,  2715,|,,
|              4,62833,| ,  10361,|,,
|              4,63462,| ,    790,|,,
|              4,63717,|  ,  2182,|,,
|              4,65032,|  ,  4432,|,,
|              4,66726,| ,    139,|,,
|              4,67407,|  ,    10,|,,
|              4,67822,| ,    451,|,,
|              4,68010,|  ,  1000,|,,
|              4,68309,| ,    317,|,,
|              4,68436,| ,    113,|,,
|              4,68627,|  ,  1143,|,,
|              4,69129,|  ,  1602,|,,
|              4,70185,| ,    442,|,,
|              4,70310,|  ,    19,|,,
|              4,71025,|  ,  5028,|,,
|              4,71209,|  ,    32,|,,
|              4,71932,| ,    129,|,,
|              4,72673,|  ,  8308,|,,
|              4,72819,|  ,    14,|,,
|              4,72995,| ,      4,|,,
|              4,73171,|  ,    27,|,,
|              4,73427,|  ,  3225,|,,
|              4,74048,| ,    759,|,,
|              4,74366,| ,  13877,|,,
|              4,75411,| ,    224,|,,
|              4,76443,| ,    182,|,,
|              4,77758,| ,    401,|,,
|              4,78450,|  ,  6828,|,,
|              4,78662,| ,    341,|,,
|              4,79507,| ,      1,|,,
|              4,79840,| ,    149,|,,
|              4,81112,| ,      1,|,,
|              4,81391,| ,    185,|,,
|              4,82163,|  ,  2222,|,,
|              4,82446,|  ,  8105,|,,
|              4,83293,| ,    385,|,,
|              4,84232,|  ,  5180,|,,
|              4,86417,|  ,  9276,|,,
|              4,87244,|  ,    19,|,,
|              4,88190,|  ,  3328,|,,
|              4,88659,|  ,  7184,|,,
|              4,88882,|  ,  3043,|,,
|              4,88978,| ,    255,|,,
|              4,89999,|  ,  1002,|,,
|              4,90214,| ,    553,|,,
|              4,90979,|  ,    46,|,,
|              4,91640,| ,      3,|,,
|              4,92093,|  ,  1318,|,,
|              4,92854,| ,    165,|,,
|              4,93207,| ,      7,|,,
|              4,93328,| ,    392,|,,
|              4,94916,| ,    755,|,,
|              4,96523,| ,    456,|,,
|              4,97367,| ,    279,|,,
|              4,97510,|  ,  8043,|,,
|              5,445,| ,    288,|,,
|              5,721,|  ,  1590,|,,
|              5,2051,|  ,139899.00,|,,
|              5,2395,|  ,    34,|,,
|              5,2883,| ,    174,|,,
|              5,3910,| ,  35792,|,,
|              5,4222,|  ,  2895,|,,
|              5,4655,| ,    731,|,,
|              5,5374,|  ,    14,|,,
|              5,5997,|  ,  3189,|,,
|              5,6034,|  ,  2067,|,,
|              5,6926,|  ,    14,|,,
|              5,7532,| ,    718,|,,
|              5,8244,|  ,    27,|,,
|              5,8469,| ,    308,|,,
|              5,9433,|  ,  8615,|,,
|              5,10508,|  ,  4449,|,,
|              5,10942,| ,    172,|,,
|              5,11109,|  ,  2265,|,,
|              5,12072,|  ,    80,|,,
|              5,12547,| ,    429,|,,
|              5,13815,| ,    291,|,,
|              5,15259,|  ,  5681,|,,
|              5,17041,| ,    183,|,,
|              5,17190,| ,    482,|,,
|              5,17333,|  ,  4589,|,,
|              5,17674,|  ,    84,|,,
|              5,18321,| ,    383,|,,
|              5,19511,|  ,  5420,|,,
|              5,19987,| ,  17005,|,,
|              5,20281,| ,    340,|,,
|              5,20406,|  ,  1697,|,,
|              5,20848,| ,    396,|,,
|              5,21260,| ,      6,|,,
|              5,22771,|  ,  9330,|,,
|              5,23044,| ,    440,|,,
|              5,25380,| ,    417,|,,
|              5,26137,|  ,  1032,|,,
|              5,26664,|  ,    23,|,,
|              5,27379,|  ,  1234,|,,
|              5,27795,| ,    108,|,,
|              5,28035,| ,    897,|,,
|              5,28561,| ,    840,|,,
|              5,29462,| ,    989,|,,
|              5,29757,| ,    208,|,,
|              5,30038,| ,      1,|,,
|              5,30765,| ,    462,|,,
|              5,31593,| ,    188,|,,
|              5,33337,|  ,    16,|,,
|              5,34526,| ,    154,|,,
|              5,35064,| ,    762,|,,
|              5,35188,| ,  47221,|,,
|              5,37116,|  ,  5801,|,,
|              5,37461,|  ,    34,|,,
|              5,38091,| ,    372,|,,
|              5,38353,| ,    291,|,,
|              5,39500,|  ,  3554,|,,
|              5,39877,|  ,  4902,|,,
|              5,39922,|  ,  5023,|,,
|              5,40422,|  ,  2383,|,,
|              5,42132,| ,    322,|,,
|              5,42814,| ,    498,|,,
|              5,43695,|  ,  2633,|,,
|              5,45277,|  ,    12,|,,
|              5,46968,|  ,  1779,|,,
|              5,47236,|  ,  1694,|,,
|              5,50169,| ,    213,|,,
|              5,50275,| ,    604,|,,
|              5,52359,|  ,  3675,|,,
|              5,52473,| ,    347,|,,
|              5,52521,| ,    377,|,,
|              5,53458,|  ,  9357,|,,
|              5,53820,|  ,  1219,|,,
|              5,54056,|  ,    99,|,,
|              5,54782,| ,    594,|,,
|              5,55233,|  ,  1503,|,,
|              5,55705,|  ,  2372,|,,
|              5,55941,|  ,    38,|,,
|              5,56019,| ,    107,|,,
|              5,57988,|  ,    96,|,,
|              5,58346,| ,    762,|,,
|              5,58402,|  ,    34,|,,
|              5,59131,| ,    188,|,,
|              5,60644,|  ,    34,|,,
|              5,61453,|  ,  1338,|,,
|              5,61631,| ,    989,|,,
|              5,62311,|  ,  4402,|,,
|              5,62830,|  ,  1302,|,,
|              5,63776,|  ,598419.00,|,,
|              5,63901,| ,    116,|,,
|              5,64564,|  ,  7449,|,,
|              5,64999,|  ,    36,|,,
|              5,66060,|  ,  3546,|,,
|              5,66421,|  ,    76,|,,
|              5,67298,|  ,  1249,|,,
|              5,67546,| ,    342,|,,
|              5,70923,|  ,  9459,|,,
|              5,71851,|  ,    24,|,,
|              5,72554,| ,    696,|,,
|              5,73304,| ,    719,|,,
|              5,73465,| ,    307,|,,
|              5,73688,|  ,  3189,|,,
|              5,74934,| ,    217,|,,
|              5,75261,|  ,    94,|,,
|              5,75692,| ,    161,|,,
|              5,75714,| ,    235,|,,
|              5,78607,| ,    215,|,,
|              5,79020,|  ,  7859,|,,
|              5,80540,|  ,  3123,|,,
|              5,81314,|  ,    17,|,,
|              5,81998,|  ,  1986,|,,
|              5,82170,| ,      8,|,,
|              5,82917,| ,    187,|,,
|              5,84274,| ,    374,|,,
|              5,85081,| ,  10235,|,,
|              5,85325,| ,      3,|,,
|              5,86703,| ,  10195,|,,
|              5,88785,|  ,    20,|,,
|              5,88857,| ,    846,|,,
|              5,88906,|  ,  4189,|,,
|              5,89055,|  ,    50,|,,
|              5,89819,|  ,  1462,|,,
|              5,90451,|  ,    52,|,,
|              5,91113,|  ,171083.00,|,,
|              5,91494,|  ,    32,|,,
|              5,91522,| ,    277,|,,
|              5,91745,|  ,  1367,|,,
|              5,92419,| ,    128,|,,
|              5,92788,| ,    259,|,,
|              5,93026,|  ,  1517,|,,
|              5,93650,| ,  18021,|,,
|              5,93989,| ,    176,|,,
|              5,94557,|  ,    39,|,,
|              5,95446,| ,    976,|,,
|              5,95903,| ,      8,|,,
|              5,96720,|  ,    52,|,,
|              5,97253,| ,    415,|,,
|              5,98825,|  ,  3512,|,,
|              5,99272,|  ,    30,|,,
|              6,302,| ,    236,|,,
|              6,783,| ,    203,|,,
|              6,1535,| ,    142,|,,
|              6,1964,| ,      6,|,,
|              6,3148,|  ,    71,|,,
|              6,3821,|  ,    63,|,,
|              6,4169,| ,      5,|,,
|              6,4815,| ,    236,|,,
|              6,5431,| ,    124,|,,
|              6,5686,|  ,  4838,|,,
|              6,7749,| ,  34515,|,,
|              6,7906,|  ,    73,|,,
|              6,8893,|  ,    53,|,,
|              6,8941,|  ,    68,|,,
|              6,11207,| ,    403,|,,
|              6,11384,| ,    282,|,,
|              6,12362,| ,    468,|,,
|              6,12798,|  ,  3689,|,,
|              6,13731,| ,      1,|,,
|              6,14574,| ,    332,|,,
|              6,15538,| ,  11547,|,,
|              6,15673,|  ,  7125,|,,
|              6,16776,|  ,  1158,|,,
|              6,17540,| ,    129,|,,
|              6,17713,|  ,  8341,|,,
|              6,18420,|  ,  8669,|,,
|              6,18995,|  ,  3063,|,,
|              6,20655,|  ,  6707,|,,
|              6,21072,| ,    917,|,,
|              6,21785,|  ,    65,|,,
|              6,22411,|  ,    15,|,,
|              6,22676,| ,  12304,|,,
|              6,23186,|  ,    53,|,,
|              6,24921,|  ,    64,|,,
|              6,25256,| ,    254,|,,
|              6,27051,| ,    135,|,,
|              6,27668,|  ,  8921,|,,
|              6,28290,| ,    984,|,,
|              6,28554,| ,    693,|,,
|              6,28629,|  ,    15,|,,
|              6,29003,|  ,  2261,|,,
|              6,29536,|  ,    12,|,,
|              6,29982,|  ,  4987,|,,
|              6,31224,| ,    317,|,,
|              6,33173,|  ,  4436,|,,
|              6,33265,| ,  10202,|,,
|              6,34488,|  ,  2288,|,,
|              6,34609,| ,  10510,|,,
|              6,34744,| ,    271,|,,
|              6,34897,|  ,309437.00,|,,
|              6,35121,| ,    476,|,,
|              6,35715,|  ,  5450,|,,
|              6,36510,| ,    139,|,,
|              6,36751,| ,    296,|,,
|              6,37095,| ,    435,|,,
|              6,37859,| ,    717,|,,
|              6,38236,| ,  23050,|,,
|              6,38670,|  ,  5647,|,,
|              6,39787,| ,    103,|,,
|              6,41683,| ,  33327,|,,
|              6,41728,| ,  60978,|,,
|              6,42570,|  ,  1924,|,,
|              6,43307,| ,    380,|,,
|              6,43879,|  ,    59,|,,
|              6,43934,|  ,  5950,|,,
|              6,44440,|  ,    21,|,,
|              6,45263,|  ,    23,|,,
|              6,45741,| ,    108,|,,
|              6,46526,| ,    353,|,,
|              6,46857,| ,  11346,|,,
|              6,47882,|  ,  6284,|,,
|              6,48105,| ,    432,|,,
|              6,49037,| ,    380,|,,
|              6,49949,|  ,    28,|,,
|              6,50641,|  ,  1140,|,,
|              6,53093,| ,    750,|,,
|              6,53639,| ,    938,|,,
|              6,53806,| ,    282,|,,
|              6,54967,|  ,  1369,|,,
|              6,56246,|  ,  1134,|,,
|              6,56922,|  ,  4942,|,,
|              6,57287,| ,    493,|,,
|              6,57433,|  ,  3254,|,,
|              6,57700,| ,  37321,|,,
|              6,58498,| ,    468,|,,
|              6,58516,| ,    265,|,,
|              6,59573,| ,    771,|,,
|              6,60334,|  ,  8038,|,,
|              6,61521,| ,    405,|,,
|              6,61817,|  ,178093.00,|,,
|              6,62057,|  ,  1166,|,,
|              6,62428,| ,    424,|,,
|              6,65361,|  ,  2387,|,,
|              6,65402,|  ,  4260,|,,
|              6,65979,|  ,    44,|,,
|              6,66031,| ,    740,|,,
|              6,66903,|  ,  5274,|,,
|              6,67692,|  ,  2930,|,,
|              6,68069,| ,    258,|,,
|              6,68273,| ,      5,|,,
|              6,69397,| ,  11746,|,,
|              6,69856,| ,    197,|,,
|              6,70144,|  ,    78,|,,
|              6,70476,|  ,  9797,|,,
|              6,70563,| ,    193,|,,
|              6,71158,|  ,  1312,|,,
|              6,71286,| ,  13560,|,,
|              6,72272,|  ,    37,|,,
|              6,72615,|  ,  1035,|,,
|              6,72929,| ,      9,|,,
|              6,73911,| ,    274,|,,
|              6,74220,|  ,    89,|,,
|              6,74996,|  ,    30,|,,
|              6,75139,| ,    594,|,,
|              6,75399,|  ,  9223,|,,
|              6,77046,| ,    144,|,,
|              6,77421,|  ,  1716,|,,
|              6,78838,|  ,    11,|,,
|              6,79908,| ,      2,|,,
|              6,80123,| ,    174,|,,
|              6,80778,|  ,    46,|,,
|              6,80962,|  ,  4689,|,,
|              6,81760,| ,    559,|,,
|              6,83197,|  ,    41,|,,
|              6,83316,|  ,  1782,|,,
|              6,84267,|  ,106222.00,|,,
|              6,84345,|  ,  3849,|,,
|              6,84622,| ,      5,|,,
|              6,85824,| ,  22728,|,,
|              6,86915,| ,    574,|,,
|              6,87830,|  ,    90,|,,
|              6,88733,| ,    215,|,,
|              6,89327,| ,  12610,|,,
|              6,89709,|  ,  4976,|,,
|              6,90417,|  ,  1360,|,,
|              6,91134,|  ,    73,|,,
|              6,93270,|  ,  1362,|,,
|              6,93544,|  ,  8091,|,,
|              6,94495,| ,  12286,|,,
|              6,94938,| ,    127,|,,
|              6,95876,|  ,    60,|,,
|              6,96832,|  ,  4692,|,,
|              6,97120,|  ,    23,|,,
|              6,98096,| ,    443,|,,
|              6,98528,| ,    123,|,,
|              6,99631,|  ,  1497,|,,
|              7,249,|  ,    40,|,,
|              7,514,| ,    958,|,,
|              7,1097,|  ,  2042,|,,
|              7,1753,| ,    173,|,,
|              7,3191,|  ,  2426,|,,
|              7,3383,| ,    674,|,,
|              7,5052,|  ,    33,|,,
|              7,5707,|  ,  2236,|,,
|              7,6109,| ,      1,|,,
|              7,6680,| ,    311,|,,
|              7,9268,| ,    943,|,,
|              7,9586,| ,      5,|,,
|              7,11183,|  ,  7039,|,,
|              7,11328,|  ,  1065,|,,
|              7,11439,| ,    667,|,,
|              7,12341,| ,    579,|,,
|              7,13063,| ,    559,|,,
|              7,13486,| ,    180,|,,
|              7,14634,|  ,  2197,|,,
|              7,15015,|  ,  1224,|,,
|              7,15557,| ,    124,|,,
|              7,16091,| ,    679,|,,
|              7,17468,| ,    217,|,,
|              7,18589,| ,    930,|,,
|              7,19121,| ,    925,|,,
|              7,19354,|  ,  1548,|,,
|              7,20786,| ,    561,|,,
|              7,21245,| ,      1,|,,
|              7,22533,|  ,    64,|,,
|              7,23284,|  ,  9138,|,,
|              7,23858,|  ,  6641,|,,
|              7,24990,|  ,  3433,|,,
|              7,25142,|  ,  1904,|,,
|              7,25988,|  ,  5649,|,,
|              7,26872,| ,    527,|,,
|              7,27034,| ,    146,|,,
|              7,27729,| ,    311,|,,
|              7,28026,| ,    562,|,,
|              7,29116,|  ,  1852,|,,
|              7,29608,| ,    789,|,,
|              7,30355,|  ,    64,|,,
|              7,30464,| ,      4,|,,
|              7,31924,| ,  11363,|,,
|              7,32079,| ,    416,|,,
|              7,32262,|  ,  1087,|,,
|              7,33108,|  ,  3467,|,,
|              7,33660,| ,  12085,|,,
|              7,34035,|  ,    38,|,,
|              7,34343,|  ,    20,|,,
|              7,34986,|  ,  6601,|,,
|              7,35804,|  ,    52,|,,
|              7,37219,|  ,    42,|,,
|              7,37331,| ,    893,|,,
|              7,37823,| ,      7,|,,
|              7,38798,|  ,  3570,|,,
|              7,39473,|  ,  3214,|,,
|              7,40218,|  ,  3054,|,,
|              7,41376,| ,    315,|,,
|              7,41894,| ,    237,|,,
|              7,42123,|  ,    63,|,,
|              7,42809,|  ,    51,|,,
|              7,43135,| ,    520,|,,
|              7,43312,| ,    109,|,,
|              7,43773,| ,      5,|,,
|              7,43998,| ,    874,|,,
|              7,44321,|  ,  1469,|,,
|              7,44742,| ,    425,|,,
|              7,45524,|  ,  4504,|,,
|              7,47111,| ,  13352,|,,
|              7,47926,|  ,  2929,|,,
|              7,48231,|  ,    47,|,,
|              7,48357,| ,      6,|,,
|              7,48444,|  ,  4603,|,,
|              7,48700,| ,    939,|,,
|              7,49050,|  ,    88,|,,
|              7,49203,|  ,  7575,|,,
|              7,50051,|  ,  1695,|,,
|              7,50380,| ,    831,|,,
|              7,51362,| ,  12058,|,,
|              7,51711,|  ,  1358,|,,
|              7,52200,| ,    484,|,,
|              7,52888,|  ,    10,|,,
|              7,53469,| ,  20955,|,,
|              7,54003,|  ,  2433,|,,
|              7,54227,| ,    221,|,,
|              7,57697,| ,    235,|,,
|              7,58172,|  ,  2473,|,,
|              7,59981,|  ,    45,|,,
|              7,60062,| ,    317,|,,
|              7,60499,| ,    223,|,,
|              7,60900,|  ,  1319,|,,
|              7,61272,|  ,  1703,|,,
|              7,61934,|  ,  1313,|,,
|              7,62166,|  ,    35,|,,
|              7,62851,| ,    439,|,,
|              7,63206,| ,    353,|,,
|              7,63539,|  ,    34,|,,
|              7,63875,| ,    925,|,,
|              7,64115,| ,    832,|,,
|              7,65220,|  ,    21,|,,
|              7,65308,| ,    566,|,,
|              7,66352,|  ,    43,|,,
|              7,67345,|  ,    18,|,,
|              7,67560,|  ,    21,|,,
|              7,68085,|  ,  8261,|,,
|              7,68812,|  ,    40,|,,
|              7,69676,|  ,  5966,|,,
|              7,69948,| ,    714,|,,
|              7,70537,|  ,  2419,|,,
|              7,70972,| ,    472,|,,
|              7,71074,| ,    223,|,,
|              7,71568,|  ,  1195,|,,
|              7,72740,|  ,  3107,|,,
|              7,72892,|  ,  5166,|,,
|              7,73829,| ,    235,|,,
|              7,74763,|  ,  2740,|,,
|              7,75202,|  ,  3674,|,,
|              7,76594,| ,      1,|,,
|              7,76739,| ,    371,|,,
|              7,77098,|  ,    97,|,,
|              7,77300,|  ,  1038,|,,
|              7,77712,|  ,  7915,|,,
|              7,78375,|  ,  5701,|,,
|              7,78864,|  ,  7433,|,,
|              7,78920,| ,    968,|,,
|              7,79997,| ,    235,|,,
|              7,80029,|  ,    46,|,,
|              7,80433,|  ,    59,|,,
|              7,81266,| ,  24609,|,,
|              7,82042,|  ,    97,|,,
|              7,83159,|  ,  1448,|,,
|              7,83404,|  ,  1497,|,,
|              7,85370,|  ,    85,|,,
|              7,86675,| ,    451,|,,
|              7,87581,| ,      1,|,,
|              7,88103,|  ,  1465,|,,
|              7,89895,|  ,  4378,|,,
|              7,90173,|  ,    54,|,,
|              7,90652,| ,    412,|,,
|              7,91146,| ,    406,|,,
|              7,92021,| ,    126,|,,
|              7,92497,|  ,  1188,|,,
|              7,93725,|  ,    40,|,,
|              7,95698,|  ,  1244,|,,
|              7,96290,|  ,  1008,|,,
|              7,96824,|  ,  2247,|,,
|              7,98078,|  ,    27,|,,
|              7,98286,|  ,  4323,|,,
|              7,98565,|  ,  4719,|,,
|              7,98951,|  ,    39,|,,
|              7,99244,|  ,  1382,|,,
|              7,99435,|  ,    44,|,,
|              7,99817,|  ,  4685,|,,
|              8,166,|  ,  1524,|,,
|              8,253,| ,    535,|,,
|              8,668,|  ,  5594,|,,
|              8,887,|  ,    29,|,,
|              8,990,| ,      7,|,,
|              8,2286,| ,    433,|,,
|              8,2731,| ,    583,|,,
|              8,3088,|  ,  1391,|,,
|              8,3297,| ,    196,|,,
|              8,3939,| ,    515,|,,
|              8,4027,|  ,  1193,|,,
|              8,4408,| ,    590,|,,
|              8,4982,| ,      4,|,,
|              8,5904,| ,    210,|,,
|              8,6001,|  ,  1116,|,,
|              8,6132,|  ,  1344,|,,
|              8,7474,|  ,  2390,|,,
|              8,7637,| ,    238,|,,
|              8,7715,| ,    832,|,,
|              8,8358,|  ,  3576,|,,
|              8,8770,|  ,  1536,|,,
|              8,9119,|  ,  9153,|,,
|              8,9323,|  ,  1095,|,,
|              8,9871,|  ,    17,|,,
|              8,10146,|  ,  5549,|,,
|              8,11691,| ,    206,|,,
|              8,11750,| ,    224,|,,
|              8,12356,| ,      7,|,,
|              8,13679,| ,    842,|,,
|              8,14100,|  ,    31,|,,
|              8,14766,|  ,  1821,|,,
|              8,14935,|  ,  1307,|,,
|              8,15418,| ,    630,|,,
|              8,16208,| ,    767,|,,
|              8,18215,| ,      2,|,,
|              8,18896,|  ,    92,|,,
|              8,19562,| ,      9,|,,
|              8,19944,| ,  20354,|,,
|              8,20879,|  ,  5318,|,,
|              8,21428,| ,    678,|,,
|              8,21890,|  ,    92,|,,
|              8,23152,|  ,    55,|,,
|              8,23391,| ,    978,|,,
|              8,23485,| ,    731,|,,
|              8,24446,|  ,    39,|,,
|              8,24583,| ,    247,|,,
|              8,25336,|  ,    60,|,,
|              8,26419,| ,  11735,|,,
|              8,26943,|  ,    18,|,,
|              8,28081,| ,    118,|,,
|              8,28433,|  ,  4437,|,,
|              8,29056,| ,    219,|,,
|              8,30388,| ,    106,|,,
|              8,30436,|  ,  1311,|,,
|              8,31582,|  ,  3458,|,,
|              8,31733,| ,    920,|,,
|              8,31854,| ,    195,|,,
|              8,31925,|  ,    45,|,,
|              8,32455,| ,    631,|,,
|              8,32968,|  ,  8150,|,,
|              8,33514,|  ,    13,|,,
|              8,34820,|  ,  2668,|,,
|              8,36159,|  ,  1586,|,,
|              8,37370,| ,    528,|,,
|              8,37487,|  ,  1067,|,,
|              8,38613,| ,    655,|,,
|              8,40702,| ,    702,|,,
|              8,41398,| ,    217,|,,
|              8,41573,|  ,    34,|,,
|              8,41836,|  ,  2556,|,,
|              8,41912,|  ,  7472,|,,
|              8,42110,|  ,  2068,|,,
|              8,42924,|  ,  1027,|,,
|              8,43765,|  ,    21,|,,
|              8,44018,| ,    356,|,,
|              8,44137,|  ,    52,|,,
|              8,45206,|  ,  5032,|,,
|              8,45620,| ,      7,|,,
|              8,46250,|  ,    24,|,,
|              8,47272,| ,    166,|,,
|              8,47805,|  ,  5464,|,,
|              8,49880,|  ,  1869,|,,
|              8,51280,| ,    404,|,,
|              8,51345,| ,    302,|,,
|              8,53926,| ,      5,|,,
|              8,54686,| ,    111,|,,
|              8,55769,|  ,  2364,|,,
|              8,55998,| ,    342,|,,
|              8,56699,| ,    554,|,,
|              8,56937,| ,    578,|,,
|              8,57851,|  ,    75,|,,
|              8,59224,|  ,  1662,|,,
|              8,59555,|  ,  3236,|,,
|              8,59797,| ,    506,|,,
|              8,60296,|  ,  2885,|,,
|              8,60808,|  ,  5387,|,,
|              8,62535,|  ,    25,|,,
|              8,62777,| ,    247,|,,
|              8,63522,|  ,    64,|,,
|              8,63654,|  ,    73,|,,
|              8,64347,| ,      2,|,,
|              8,65158,| ,  16098,|,,
|              8,65425,| ,      3,|,,
|              8,65507,|  ,    58,|,,
|              8,65643,| ,    663,|,,
|              8,66079,| ,    159,|,,
|              8,66488,|  ,  5671,|,,
|              8,66840,|  ,    33,|,,
|              8,69893,|  ,  3079,|,,
|              8,70591,| ,    194,|,,
|              8,70719,|  ,  1987,|,,
|              8,71007,| ,  65240,|,,
|              8,73993,| ,    224,|,,
|              8,74559,|  ,  1471,|,,
|              8,75016,| ,    847,|,,
|              8,77195,|  ,    86,|,,
|              8,77201,|  ,  1187,|,,
|              8,77724,|  ,  4512,|,,
|              8,78788,| ,      4,|,,
|              8,79574,|  ,  1633,|,,
|              8,80631,|  ,  2121,|,,
|              8,80984,|  ,    25,|,,
|              8,81013,| ,    759,|,,
|              8,82626,|  ,  1380,|,,
|              8,83134,|  ,  9642,|,,
|              8,83463,| ,    114,|,,
|              8,83708,|  ,    56,|,,
|              8,85594,| ,      6,|,,
|              8,86106,|  ,  9138,|,,
|              8,86351,|  ,  2273,|,,
|              8,86548,|  ,    68,|,,
|              8,87843,|  ,    93,|,,
|              8,88379,| ,    385,|,,
|              8,88814,|  ,  1499,|,,
|              8,88992,|  ,  3426,|,,
|              8,90043,| ,  10558,|,,
|              8,90307,| ,    548,|,,
|              8,90420,| ,      2,|,,
|              8,91714,| ,      1,|,,
|              8,91988,| ,    480,|,,
|              8,92322,| ,      7,|,,
|              8,92484,| ,    999,|,,
|              8,92799,| ,    733,|,,
|              8,93409,|  ,  2016,|,,
|              8,93736,|  ,  5127,|,,
|              8,93894,| ,    708,|,,
|              8,94678,|  ,  1806,|,,
|              8,94940,|  ,  1499,|,,
|              8,95291,|  ,  1530,|,,
|              8,97269,| ,    231,|,,
|              8,98635,| ,    568,|,,
|              8,98850,|  ,  3737,|,,
|              8,99287,|  ,  2373,|,,
|              9,614,| ,    524,|,,
|              9,677,|  ,  2554,|,,
|              9,1189,| ,    138,|,,
|              9,1394,|  ,  1059,|,,
|              9,1470,|  ,  2902,|,,
|              9,2242,|  ,  7166,|,,
|              9,2361,| ,    138,|,,
|              9,3554,| ,    724,|,,
|              9,3830,|  ,    59,|,,
|              9,4467,|  ,  1411,|,,
|              9,6025,|  ,  5264,|,,
|              9,6178,|  ,    60,|,,
|              9,6502,| ,    673,|,,
|              9,6991,|  ,  3276,|,,
|              9,7446,| ,    228,|,,
|              9,8734,|  ,  3307,|,,
|              9,8912,|  ,  3767,|,,
|              9,9517,|  ,  2640,|,,
|              9,9884,| ,      1,|,,
|              9,10052,| ,    183,|,,
|              9,10395,| ,      7,|,,
|              9,11099,| ,    630,|,,
|              9,11788,|  ,    31,|,,
|              9,12889,|  ,  2974,|,,
|              9,13169,|  ,    34,|,,
|              9,13247,|  ,  1007,|,,
|              9,13635,|  ,  2624,|,,
|              9,14580,|  ,  1809,|,,
|              9,14651,| ,  22589,|,,
|              9,15617,|  ,    32,|,,
|              9,15861,|  ,  2567,|,,
|              9,17118,| ,    743,|,,
|              9,17223,| ,    279,|,,
|              9,19363,|  ,    14,|,,
|              9,19628,| ,      1,|,,
|              9,20712,| ,    106,|,,
|              9,21101,|  ,  1696,|,,
|              9,21553,|  ,  9253,|,,
|              9,22846,|  ,  1576,|,,
|              9,22998,| ,      1,|,,
|              9,23127,|  ,  7381,|,,
|              9,23610,| ,    136,|,,
|              9,24214,|  ,    20,|,,
|              9,24531,| ,      1,|,,
|              9,25097,| ,    261,|,,
|              9,25579,|  ,  1506,|,,
|              9,26686,|  ,    72,|,,
|              9,26828,|  ,  2213,|,,
|              9,27070,|  ,  1680,|,,
|              9,27385,|  ,    16,|,,
|              9,28862,|  ,  3552,|,,
|              9,29241,|  ,    13,|,,
|              9,29723,| ,  15743,|,,
|              9,29965,|  ,    18,|,,
|              9,30081,|  ,    62,|,,
|              9,32125,| ,    574,|,,
|              9,33222,| ,      1,|,,
|              9,33841,| ,  12187,|,,
|              9,34369,|  ,  3021,|,,
|              9,34705,|  ,    22,|,,
|              9,35152,| ,  18034,|,,
|              9,35268,|  ,  1792,|,,
|              9,36535,|  ,  2049,|,,
|              9,36544,| ,      6,|,,
|              9,37327,| ,    462,|,,
|              9,37413,| ,  87655,|,,
|              9,38390,|  ,  1187,|,,
|              9,38883,|  ,    51,|,,
|              9,39026,|  ,  1443,|,,
|              9,40176,| ,    650,|,,
|              9,40834,|  ,  3894,|,,
|              9,41011,|  ,  1669,|,,
|              9,41255,| ,    980,|,,
|              9,41678,| ,    702,|,,
|              9,42430,|  ,    29,|,,
|              9,42721,| ,    390,|,,
|              9,43000,|  ,    47,|,,
|              9,44310,|  ,  1124,|,,
|              9,46342,|  ,  2632,|,,
|              9,48027,| ,    841,|,,
|              9,48979,|  ,  6053,|,,
|              9,49661,|  ,    26,|,,
|              9,49808,|  ,  1661,|,,
|              9,50322,|  ,  1057,|,,
|              9,51765,| ,    633,|,,
|              9,52945,|  ,  2130,|,,
|              9,53537,| ,  42882,|,,
|              9,53780,| ,    131,|,,
|              9,54136,| ,    679,|,,
|              9,54515,|  ,  3067,|,,
|              9,55353,| ,    184,|,,
|              9,55434,| ,    108,|,,
|              9,55521,|  ,  3070,|,,
|              9,56571,| ,    895,|,,
|              9,56843,| ,    436,|,,
|              9,57005,|  ,  2918,|,,
|              9,57231,| ,      6,|,,
|              9,58100,| ,    167,|,,
|              9,58256,|  ,  3169,|,,
|              9,59340,|  ,  7817,|,,
|              9,60775,|  ,    68,|,,
|              9,61512,|  ,    82,|,,
|              9,61839,|  ,    42,|,,
|              9,61908,|  ,  9717,|,,
|              9,62324,|  ,  6568,|,,
|              9,63952,|  ,  8499,|,,
|              9,64253,|  ,    53,|,,
|              9,64696,| ,    168,|,,
|              9,65174,| ,    444,|,,
|              9,65762,| ,    498,|,,
|              9,66463,| ,  10308,|,,
|              9,67435,|  ,    65,|,,
|              9,67704,|  ,  1862,|,,
|              9,69087,|  ,  6952,|,,
|              9,72350,|  ,  8556,|,,
|              9,73034,|  ,  3416,|,,
|              9,74608,|  ,    75,|,,
|              9,74771,|  ,  1602,|,,
|              9,75483,|  ,  4257,|,,
|              9,76919,|  ,  1633,|,,
|              9,77343,| ,      5,|,,
|              9,77552,|  ,    76,|,,
|              9,78795,|  ,  2510,|,,
|              9,80465,|  ,  6678,|,,
|              9,80646,|  ,    98,|,,
|              9,81282,|  ,  1453,|,,
|              9,82194,|  ,  2202,|,,
|              9,82201,| ,      6,|,,
|              9,82386,| ,  33569,|,,
|              9,85020,|  ,  1133,|,,
|              9,85918,| ,    170,|,,
|              9,86033,|  ,  1342,|,,
|              9,86896,| ,    337,|,,
|              9,87989,|  ,  8175,|,,
|              9,88219,|  ,  2046,|,,
|              9,88663,| ,    883,|,,
|              9,88728,|  ,  3706,|,,
|              9,90150,|  ,    48,|,,
|              9,90574,| ,      3,|,,
|              9,91942,|  ,  2377,|,,
|              9,92505,|  ,  1526,|,,
|              9,92629,|  ,    32,|,,
|              9,92744,| ,    616,|,,
|              9,93251,|  ,    27,|,,
|              9,93966,|  ,    96,|,,
|              9,94630,| ,    123,|,,
|              9,95227,|  ,  4408,|,,
|              9,95819,| ,      8,|,,
|              9,97278,|  ,  2688,|,,
|              9,97695,| ,    325,|,,
|              9,99079,| ,    529,|,,